{
  "best_threshold": 0.7,
  "validation": {
    "images": 15,
    "positive_images": 6,
    "negative_images": 9,
    "positive_mean_iou": 0.5016533766784955,
    "positive_median_iou": 0.525532288934815,
    "positive_mean_dice": 0.6414436015481785,
    "positive_mean_hausdorff_pixels": 895.4956461588541,
    "positive_mean_hausdorff95_pixels": 546.8810145060221,
    "positive_area_mae_pp": 14.168733916606056,
    "negative_mean_predicted_share_percent": 0.47366476014115044,
    "negative_clean_rate_under_1_percent": 0.8888888888888888,
    "overall_area_mae_pp": 5.9516924227271115,
    "selection_score": 0.7092426905065059,
    "threshold_accuracy": 1.0,
    "threshold_precision": 1.0,
    "threshold_recall": 1.0,
    "threshold_f1": 1.0,
    "threshold_tp": 6,
    "threshold_tn": 9,
    "threshold_fp": 0,
    "threshold_fn": 0
  },
  "test": {
    "images": 15,
    "positive_images": 6,
    "negative_images": 9,
    "positive_mean_iou": 0.45166365736865216,
    "positive_median_iou": 0.4951372369544583,
    "positive_mean_dice": 0.605376864468662,
    "positive_mean_hausdorff_pixels": 880.5971476236979,
    "positive_mean_hausdorff95_pixels": 551.5334752400717,
    "positive_area_mae_pp": 10.271885986301221,
    "negative_mean_predicted_share_percent": 1.0816870480327254,
    "negative_clean_rate_under_1_percent": 0.8888888888888888,
    "overall_area_mae_pp": 4.757766623340123,
    "selection_score": 0.6544756176133647,
    "threshold_accuracy": 0.9333333333333333,
    "threshold_precision": 1.0,
    "threshold_recall": 0.8333333333333334,
    "threshold_f1": 0.9090909090909091,
    "threshold_tp": 5,
    "threshold_tn": 9,
    "threshold_fp": 0,
    "threshold_fn": 1
  }
}